user_id,name,profile_photo
u124,Bob Smith,avatar3.jpg
u125,Carol White,avatar8.jpg
u126,David Brown,avatar2.jpg
u127,Emma Green,avatar5.jpg
u128,Frank Harris,avatar10.jpg
u129,Grace Lee,avatar1.jpg
u130,Henry Martin,avatar4.jpg
u131,Ivy Nelson,avatar6.jpg
u132,Jack O'Brien,avatar7.jpg
u133,Katie Perez,avatar9.jpg
u134,Liam Roberts,avatar3.jpg
u135,Mia Thompson,avatar8.jpg
u136,Noah Wilson,avatar2.jpg
u137,Olivia Adams,avatar5.jpg
u138,Peter Scott,avatar10.jpg
u139,Quinn Taylor,avatar1.jpg
u140,Rachel Walker,avatar4.jpg
u141,Sam Young,avatar6.jpg
u142,Tina Zane,avatar7.jpg
u123,Alice Johnson,avatar9.jpg